<edmx:Edmx
    xmlns:edmx="http://schemas.microsoft.com/ado/2007/06/edmx"
    xmlns:m="http://schemas.microsoft.com/ado/2007/08/dataservices/metadata"
    xmlns:sap="http://www.sap.com/Protocols/SAPData" Version="1.0">
    <edmx:DataServices m:DataServiceVersion="2.0">
        <Schema
            xmlns="http://schemas.microsoft.com/ado/2008/09/edm" Namespace="ZSMO_AMSMON_ENTRY_SRV" xml:lang="en" sap:schema-version="1">
            <EntityType Name="ZSMS_AMSMON_ENTRY" sap:content-version="1">
                <Key>
                    <PropertyRef Name="BD_TICKET_NO"/>
                </Key>
                <Property Name="XBD_MANAGER_APP" Type="Edm.Boolean" Nullable="false" sap:unicode="false" sap:label="Flag_Mapp" sap:creatable="false" sap:updatable="false" sap:sortable="false" sap:filterable="false"/>
                <Property Name="AMS_RES" Type="Edm.String" Nullable="false" MaxLength="30" sap:unicode="false" sap:label="AMS Resource" sap:creatable="false" sap:updatable="false" sap:sortable="false" sap:filterable="false"/>
                <Property Name="SA_RES" Type="Edm.String" Nullable="false" MaxLength="30" sap:unicode="false" sap:label="SA Resource" sap:creatable="false" sap:updatable="false" sap:sortable="false" sap:filterable="false"/>
                <Property Name="AMD_PAY_STATUS" Type="Edm.String" Nullable="false" MaxLength="2" sap:unicode="false" sap:label="Pay Status" sap:creatable="false" sap:updatable="false" sap:sortable="false" sap:filterable="false"/>
                <Property Name="BD_MANAGER_APP" Type="Edm.String" Nullable="false" MaxLength="2" sap:unicode="false" sap:label="Manager App" sap:creatable="false" sap:updatable="false" sap:sortable="false" sap:filterable="false"/>
                <Property Name="BD_DESC" Type="Edm.String" Nullable="false" MaxLength="40" sap:unicode="false" sap:label="Description" sap:creatable="false" sap:updatable="false" sap:sortable="false" sap:filterable="false"/>
                <Property Name="BD_SERIVETYPE" Type="Edm.String" Nullable="false" MaxLength="2" sap:unicode="false" sap:label="Service Type" sap:creatable="false" sap:updatable="false" sap:sortable="false" sap:filterable="false"/>
                <Property Name="BD_TICKET_TITLE" Type="Edm.String" Nullable="false" MaxLength="40" sap:unicode="false" sap:label="Ticket Title" sap:creatable="false" sap:updatable="false" sap:sortable="false" sap:filterable="false"/>
                <Property Name="BD_TICKET_NO" Type="Edm.String" Nullable="false" MaxLength="10" sap:unicode="false" sap:label="Ticket No" sap:creatable="false" sap:updatable="false" sap:sortable="false" sap:filterable="false"/>
            </EntityType>
            <EntityType Name="manappstat" sap:content-version="1">
                <Key>
                    <PropertyRef Name="Manappstat"/>
                </Key>
                <Property Name="appstat_desc" Type="Edm.String" Nullable="false" sap:unicode="false" sap:creatable="false" sap:updatable="false" sap:sortable="false" sap:filterable="false"/>
                <Property Name="Manappstat" Type="Edm.String" Nullable="false" sap:unicode="false" sap:creatable="false" sap:updatable="false" sap:sortable="false" sap:filterable="false"/>
            </EntityType>
            <EntityType Name="Paystat" sap:content-version="1">
                <Key>
                    <PropertyRef Name="AMD_PAY_STATUS"/>
                </Key>
                <Property Name="AMD_PAY_STATUS" Type="Edm.String" Nullable="false" sap:unicode="false" sap:creatable="false" sap:updatable="false" sap:sortable="false" sap:filterable="false"/>
                <Property Name="desc" Type="Edm.String" Nullable="false" sap:unicode="false" sap:creatable="false" sap:updatable="false" sap:sortable="false" sap:filterable="false"/>
            </EntityType>
            <EntityType Name="SolmanTicketNo" sap:content-version="1">
                <Key>
                    <PropertyRef Name="BD_TICKET_NO"/>
                </Key>
                <Property Name="BD_TICKET_NO" Type="Edm.String" Nullable="false" sap:unicode="false" sap:creatable="false" sap:updatable="false" sap:sortable="false" sap:filterable="false"/>
                <Property Name="BD_TICKET_TITLE" Type="Edm.String" Nullable="false" sap:unicode="false" sap:creatable="false" sap:updatable="false" sap:sortable="false" sap:filterable="false"/>
            </EntityType>
            <EntityType Name="ServiceType" sap:content-version="1">
                <Key>
                    <PropertyRef Name="SERIVETYPE"/>
                </Key>
                <Property Name="SERIVETYPE" Type="Edm.String" Nullable="false" sap:unicode="false" sap:creatable="false" sap:updatable="false" sap:sortable="false" sap:filterable="false"/>
                <Property Name="Desc" Type="Edm.String" Nullable="false" sap:unicode="false" sap:creatable="false" sap:updatable="false" sap:sortable="false" sap:filterable="false"/>
            </EntityType>
            <EntityType Name="AmsRes" sap:content-version="1">
                <Key>
                    <PropertyRef Name="AMS_RESOURCE"/>
                </Key>
                <Property Name="AMS_RESOURCE" Type="Edm.String" Nullable="false" sap:unicode="false" sap:creatable="false" sap:updatable="false" sap:sortable="false" sap:filterable="false"/>
                <Property Name="Name" Type="Edm.String" Nullable="false" sap:unicode="false" sap:creatable="false" sap:updatable="false" sap:sortable="false" sap:filterable="false"/>
            </EntityType>
            <EntityType Name="SARes" sap:content-version="1">
                <Key>
                    <PropertyRef Name="SA_RESOURCE"/>
                </Key>
                <Property Name="SA_RESOURCE_Name" Type="Edm.String" Nullable="false" sap:unicode="false" sap:creatable="false" sap:updatable="false" sap:sortable="false" sap:filterable="false"/>
                <Property Name="SA_RESOURCE" Type="Edm.String" Nullable="false" sap:unicode="false" sap:creatable="false" sap:updatable="false" sap:sortable="false" sap:filterable="false"/>
            </EntityType>
            <EntityType Name="Payment_Update" sap:content-version="1">
                <Key>
                    <PropertyRef Name="BdTicketNo"/>
                    <PropertyRef Name="TicketItem"/>
                </Key>
                <Property Name="BdTicketNo" Type="Edm.String" Nullable="false" MaxLength="10" sap:unicode="false" sap:label="Transaction No." sap:creatable="false" sap:updatable="false" sap:sortable="false" sap:filterable="false"/>
                <Property Name="CloseDate" Type="Edm.DateTime" Nullable="false" Precision="7" sap:unicode="false" sap:label="Close Date" sap:creatable="false" sap:updatable="false" sap:sortable="false" sap:filterable="false"/>
                <Property Name="TicketItem" Type="Edm.String" Nullable="false" MaxLength="5" sap:unicode="false" sap:label="Item No" sap:creatable="false" sap:updatable="false" sap:sortable="false" sap:filterable="false"/>
                <Property Name="BdSerivetype" Type="Edm.String" Nullable="false" MaxLength="2" sap:unicode="false" sap:label="Service Type" sap:creatable="false" sap:updatable="false" sap:sortable="false" sap:filterable="false"/>
                <Property Name="BdDesc" Type="Edm.String" Nullable="false" MaxLength="40" sap:unicode="false" sap:label="Description" sap:creatable="false" sap:updatable="false" sap:sortable="false" sap:filterable="false"/>
                <Property Name="ItemDesc" Type="Edm.String" Nullable="false" MaxLength="100" sap:unicode="false" sap:label="Incident Desc" sap:creatable="false" sap:updatable="false" sap:sortable="false" sap:filterable="false"/>
                <Property Name="AmsResource" Type="Edm.String" Nullable="false" MaxLength="40" sap:unicode="false" sap:label="First name" sap:creatable="false" sap:updatable="false" sap:sortable="false" sap:filterable="false"/>
                <Property Name="SaResource" Type="Edm.String" Nullable="false" MaxLength="12" sap:unicode="false" sap:label="SA Resource" sap:creatable="false" sap:updatable="false" sap:sortable="false" sap:filterable="false"/>
                <Property Name="ActStartDate" Type="Edm.DateTime" Precision="0" sap:unicode="false" sap:label="Actual Start" sap:creatable="false" sap:updatable="false" sap:sortable="false" sap:filterable="false"/>
                <Property Name="ActEndDate" Type="Edm.DateTime" Precision="0" sap:unicode="false" sap:label="Act End Date" sap:creatable="false" sap:updatable="false" sap:sortable="false" sap:filterable="false"/>
                <Property Name="SpentHr" Type="Edm.Decimal" Nullable="false" Precision="5" Scale="2" sap:unicode="false" sap:label="Spent Hours" sap:creatable="false" sap:updatable="false" sap:sortable="false" sap:filterable="false"/>
                <Property Name="AppStat" Type="Edm.String" Nullable="false" MaxLength="2" sap:unicode="false" sap:label="Manager App Status" sap:creatable="false" sap:updatable="false" sap:sortable="false" sap:filterable="false"/>
                <Property Name="Rating" Type="Edm.Byte" Nullable="false" sap:unicode="false" sap:label="Rating" sap:creatable="false" sap:updatable="false" sap:sortable="false" sap:filterable="false"/>
                <Property Name="PayStat" Type="Edm.String" Nullable="false" MaxLength="2" sap:unicode="false" sap:label="Payment Status" sap:creatable="false" sap:updatable="false" sap:sortable="false" sap:filterable="false"/>
                <Property Name="PayDate" Type="Edm.DateTime" Precision="7" sap:unicode="false" sap:label="Payment Date" sap:creatable="false" sap:updatable="false" sap:sortable="false" sap:filterable="false"/>
            </EntityType>
            <EntityType Name="CreateHeadInfo" sap:content-version="1">
                <Key>
                    <PropertyRef Name="Mandt"/>
                    <PropertyRef Name="BdTicketGuid"/>
                </Key>
                <Property Name="AmdAppDate" Type="Edm.Decimal" Nullable="false" Precision="15" Scale="0" sap:unicode="false" sap:label="Approved Date" sap:creatable="false" sap:updatable="false" sap:sortable="false" sap:filterable="false"/>
                <Property Name="CdEndDate" Type="Edm.String" Nullable="false" MaxLength="14" sap:unicode="false" sap:label="End Date" sap:creatable="false" sap:updatable="false" sap:sortable="false" sap:filterable="false"/>
                <Property Name="CdStartDate" Type="Edm.String" Nullable="false" MaxLength="14" sap:unicode="false" sap:label="Start Date" sap:creatable="false" sap:updatable="false" sap:sortable="false" sap:filterable="false"/>
                <Property Name="Mandt" Type="Edm.String" Nullable="false" MaxLength="3" sap:unicode="false" sap:label="Client" sap:creatable="false" sap:updatable="false" sap:sortable="false" sap:filterable="false"/>
                <Property Name="BdTicketGuid" Type="Edm.Guid" Nullable="false" sap:unicode="false" sap:label="Object GUID" sap:creatable="false" sap:updatable="false" sap:sortable="false" sap:filterable="false"/>
                <Property Name="BdTicketNo" Type="Edm.String" Nullable="false" MaxLength="10" sap:unicode="false" sap:label="Transaction No." sap:creatable="false" sap:updatable="false" sap:sortable="false" sap:filterable="false"/>
                <Property Name="BdTicketTitle" Type="Edm.String" Nullable="false" MaxLength="40" sap:unicode="false" sap:label="Description" sap:creatable="false" sap:updatable="false" sap:sortable="false" sap:filterable="false"/>
                <Property Name="BdSerivetype" Type="Edm.String" Nullable="false" MaxLength="2" sap:unicode="false" sap:label="Service Type" sap:creatable="false" sap:updatable="false" sap:sortable="false" sap:filterable="false"/>
                <Property Name="BdDesc" Type="Edm.String" Nullable="false" MaxLength="40" sap:unicode="false" sap:label="Description" sap:creatable="false" sap:updatable="false" sap:sortable="false" sap:filterable="false"/>
                <Property Name="BdServiceGl" Type="Edm.String" Nullable="false" MaxLength="1" sap:unicode="false" sap:label="Service G/L" sap:creatable="false" sap:updatable="false" sap:sortable="false" sap:filterable="false"/>
                <Property Name="BdManagerApp" Type="Edm.String" Nullable="false" MaxLength="2" sap:unicode="false" sap:label="Manager Approval" sap:creatable="false" sap:updatable="false" sap:sortable="false" sap:filterable="false"/>
                <Property Name="CdAmsId" Type="Edm.String" Nullable="false" MaxLength="12" sap:unicode="false" sap:label="AMS Resource" sap:creatable="false" sap:updatable="false" sap:sortable="false" sap:filterable="false"/>
                <Property Name="CdSaId" Type="Edm.String" Nullable="false" MaxLength="12" sap:unicode="false" sap:label="SA Resource" sap:creatable="false" sap:updatable="false" sap:sortable="false" sap:filterable="false"/>
                <Property Name="CdPlanHr" Type="Edm.Decimal" Nullable="false" Precision="5" Scale="2" sap:unicode="false" sap:label="Planned Hrs" sap:creatable="false" sap:updatable="false" sap:sortable="false" sap:filterable="false"/>
                <Property Name="CdActHr" Type="Edm.Decimal" Nullable="false" Precision="5" Scale="2" sap:unicode="false" sap:label="Actual Hours" sap:creatable="false" sap:updatable="false" sap:sortable="false" sap:filterable="false"/>
                <Property Name="AmdStatus" Type="Edm.String" Nullable="false" MaxLength="2" sap:unicode="false" sap:label="Status" sap:creatable="false" sap:updatable="false" sap:sortable="false" sap:filterable="false"/>
                <Property Name="AmdAppStatus" Type="Edm.String" Nullable="false" MaxLength="2" sap:unicode="false" sap:label="Manager App Status" sap:creatable="false" sap:updatable="false" sap:sortable="false" sap:filterable="false"/>
                <Property Name="AmdAppBy" Type="Edm.String" Nullable="false" MaxLength="12" sap:unicode="false" sap:label="Approved By" sap:creatable="false" sap:updatable="false" sap:sortable="false" sap:filterable="false"/>
                <Property Name="AmdRating" Type="Edm.Decimal" Nullable="false" Precision="3" Scale="1" sap:unicode="false" sap:label="Rating" sap:creatable="false" sap:updatable="false" sap:sortable="false" sap:filterable="false"/>
                <Property Name="AmdCloseDate" Type="Edm.DateTime" Nullable="false" Precision="0" sap:unicode="false" sap:label="Close Date" sap:creatable="false" sap:updatable="false" sap:sortable="false" sap:filterable="false"/>
                <Property Name="AmdPayStat" Type="Edm.String" Nullable="false" MaxLength="2" sap:unicode="false" sap:label="Payment Status" sap:creatable="false" sap:updatable="false" sap:sortable="false" sap:filterable="false"/>
                <Property Name="CreatedBy" Type="Edm.String" Nullable="false" MaxLength="12" sap:unicode="false" sap:label="Created By" sap:creatable="false" sap:updatable="false" sap:sortable="false" sap:filterable="false"/>
                <Property Name="CreatedDate" Type="Edm.DateTimeOffset" Nullable="false" Precision="7" sap:unicode="false" sap:label="Created On" sap:creatable="false" sap:updatable="false" sap:sortable="false" sap:filterable="false"/>
            </EntityType>
            <EntityType Name="ServiceGL" sap:content-version="1">
                <Key>
                    <PropertyRef Name="Service_gl"/>
                </Key>
                <Property Name="Service_gl" Type="Edm.String" Nullable="false" sap:unicode="false" sap:creatable="false" sap:updatable="false" sap:sortable="false" sap:filterable="false"/>
                <Property Name="Desc" Type="Edm.String" Nullable="false" sap:unicode="false" sap:creatable="false" sap:updatable="false" sap:sortable="false" sap:filterable="false"/>
            </EntityType>
            <EntityContainer Name="ZSMO_AMSMON_ENTRY_SRV_Entities" m:IsDefaultEntityContainer="true" sap:supported-formats="atom json xlsx">
                <EntitySet Name="ZSMS_AMSMON_ENTRYSet" EntityType="ZSMO_AMSMON_ENTRY_SRV.ZSMS_AMSMON_ENTRY" sap:creatable="false" sap:updatable="false" sap:deletable="false" sap:pageable="false" sap:addressable="false" sap:content-version="1"/>
                <EntitySet Name="manappstatSet" EntityType="ZSMO_AMSMON_ENTRY_SRV.manappstat" sap:creatable="false" sap:updatable="false" sap:deletable="false" sap:pageable="false" sap:addressable="false" sap:content-version="1"/>
                <EntitySet Name="PaystatSet" EntityType="ZSMO_AMSMON_ENTRY_SRV.Paystat" sap:creatable="false" sap:updatable="false" sap:deletable="false" sap:pageable="false" sap:addressable="false" sap:content-version="1"/>
                <EntitySet Name="SolmanTicketNoSet" EntityType="ZSMO_AMSMON_ENTRY_SRV.SolmanTicketNo" sap:creatable="false" sap:updatable="false" sap:deletable="false" sap:pageable="false" sap:addressable="false" sap:content-version="1"/>
                <EntitySet Name="ServiceTypeSet" EntityType="ZSMO_AMSMON_ENTRY_SRV.ServiceType" sap:creatable="false" sap:updatable="false" sap:deletable="false" sap:pageable="false" sap:addressable="false" sap:content-version="1"/>
                <EntitySet Name="AmsResSet" EntityType="ZSMO_AMSMON_ENTRY_SRV.AmsRes" sap:creatable="false" sap:updatable="false" sap:deletable="false" sap:pageable="false" sap:addressable="false" sap:content-version="1"/>
                <EntitySet Name="SAResSet" EntityType="ZSMO_AMSMON_ENTRY_SRV.SARes" sap:creatable="false" sap:updatable="false" sap:deletable="false" sap:pageable="false" sap:addressable="false" sap:content-version="1"/>
                <EntitySet Name="Payment_UpdateSet" EntityType="ZSMO_AMSMON_ENTRY_SRV.Payment_Update" sap:creatable="false" sap:updatable="false" sap:deletable="false" sap:pageable="false" sap:content-version="1"/>
                <EntitySet Name="CreateHeadInfoSet" EntityType="ZSMO_AMSMON_ENTRY_SRV.CreateHeadInfo" sap:creatable="false" sap:updatable="false" sap:deletable="false" sap:pageable="false" sap:content-version="1"/>
                <EntitySet Name="ServiceGLSet" EntityType="ZSMO_AMSMON_ENTRY_SRV.ServiceGL" sap:creatable="false" sap:updatable="false" sap:deletable="false" sap:pageable="false" sap:addressable="false" sap:content-version="1"/>
            </EntityContainer>
            <atom:link
                xmlns:atom="http://www.w3.org/2005/Atom" rel="self" href="./sap/ZSMO_AMSMON_ENTRY_SRV/$metadata"/>
                <atom:link
                    xmlns:atom="http://www.w3.org/2005/Atom" rel="latest-version" href="./sap/ZSMO_AMSMON_ENTRY_SRV/$metadata"/>
                </Schema>
            </edmx:DataServices>
        </edmx:Edmx>